Order_ID,SKU,Category,Warehouse_Zone,Units,Storage_Area_SqFt,Picking_Time_Min,Packing_Time_Min,Labour_Cost_Per_Hour,Transportation_Cost,Order_Revenue,Total_Handling_Time_Min,Labour_Cost,Variable_Cost,Warehouse_Rent_Allocated,Utilities_Allocated,Total_Order_Cost,Contribution,Cost_Per_Unit,Contribution_Margin_%
ORD10001,SKU151,FMCG,B,7,14.55,2.57,4.66,180,271.24,1683.05,7.23,21.69,292.93,25.0,5.0,322.93,1360.12,46.13,80.81
ORD10002,SKU114,Apparel,D,10,12.22,4.25,4.94,180,308.87,839.55,9.190000000000001,27.57,336.44,25.0,5.0,366.44,473.11,36.64,56.35
ORD10003,SKU171,Apparel,A,2,2.34,3.31,4.09,140,247.27,4725.2,7.4,17.27,264.54,25.0,5.0,294.54,4430.66,147.27,93.77
ORD10004,SKU160,Personal Care,E,14,15.5,5.99,5.24,160,161.8,3985.77,11.23,29.95,191.75,25.0,5.0,221.75,3764.02,15.84,94.44
ORD10005,SKU120,Personal Care,B,2,5.87,11.23,7.43,160,271.15,2473.24,18.66,49.76,320.91,25.0,5.0,350.91,2122.33,175.46,85.81
ORD10006,SKU174,Personal Care,A,13,16.78,6.72,3.54,180,95.17,4365.32,10.26,30.78,125.95,25.0,5.0,155.95,4209.37,12.0,96.43
ORD10007,SKU174,Apparel,C,4,19.46,2.13,6.08,180,134.82,1472.45,8.21,24.63,159.45,25.0,5.0,189.45,1283.0,47.36,87.13
ORD10008,SKU123,Home & Kitchen,D,1,13.51,4.83,7.26,160,204.94,3670.47,12.09,32.24,237.18,25.0,5.0,267.18,3403.29,267.18,92.72
ORD10009,SKU102,Apparel,A,3,14.47,2.45,4.19,160,214.13,4323.82,6.640000000000001,17.71,231.84,25.0,5.0,261.84,4061.98,87.28,93.94
ORD10010,SKU121,Home & Kitchen,B,13,23.88,2.36,4.1,140,37.09,1976.81,6.459999999999999,15.07,52.16,25.0,5.0,82.16,1894.65,6.32,95.84
ORD10011,SKU152,Home & Kitchen,C,9,21.48,4.76,5.21,120,332.44,3860.08,9.969999999999999,19.94,352.38,25.0,5.0,382.38,3477.7,42.49,90.09
ORD10012,SKU101,Personal Care,B,7,23.03,4.76,5.14,180,252.92,1686.84,9.899999999999999,29.7,282.62,25.0,5.0,312.62,1374.22,44.66,81.47
ORD10013,SKU129,Electronics,B,7,20.72,9.87,6.65,160,188.63,1704.63,16.52,44.05,232.68,25.0,5.0,262.68,1441.95,37.53,84.59
ORD10014,SKU137,FMCG,C,13,4.51,11.75,4.34,180,328.6,803.17,16.09,48.27,376.87,25.0,5.0,406.87,396.3,31.3,49.34
ORD10015,SKU101,Personal Care,B,13,5.43,5.71,7.97,180,170.51,2368.27,13.68,41.04,211.55,25.0,5.0,241.55,2126.72,18.58,89.8
ORD10016,SKU163,Personal Care,C,11,14.11,6.29,1.42,160,343.74,3729.65,7.71,20.56,364.3,25.0,5.0,394.3,3335.35,35.85,89.43
ORD10017,SKU159,Electronics,A,4,7.66,10.45,1.02,140,193.93,4719.04,11.469999999999999,26.76,220.69,25.0,5.0,250.69,4468.35,62.67,94.69
ORD10018,SKU120,FMCG,C,2,12.96,4.68,5.48,180,66.57,3137.85,10.16,30.48,97.05,25.0,5.0,127.05,3010.8,63.52,95.95
ORD10019,SKU132,Apparel,C,14,11.07,3.56,3.09,140,274.74,4356.74,6.65,15.52,290.26,25.0,5.0,320.26,4036.48,22.88,92.65
ORD10020,SKU175,Apparel,D,4,14.64,10.53,2.68,160,247.25,4165.72,13.209999999999999,35.23,282.48,25.0,5.0,312.48,3853.24,78.12,92.5
ORD10021,SKU157,Personal Care,C,6,19.18,2.47,3.18,120,277.36,1114.71,5.65,11.3,288.66,25.0,5.0,318.66,796.05,53.11,71.41
ORD10022,SKU121,FMCG,C,11,18.46,8.2,2.79,120,334.46,2583.34,10.989999999999998,21.98,356.44,25.0,5.0,386.44,2196.9,35.13,85.04
ORD10023,SKU148,Personal Care,A,11,13.99,7.62,1.22,180,278.48,849.54,8.84,26.52,305.0,25.0,5.0,335.0,514.54,30.45,60.57
ORD10024,SKU158,Home & Kitchen,D,3,20.92,5.46,7.8,160,225.63,3506.12,13.26,35.36,260.99,25.0,5.0,290.99,3215.13,97.0,91.7
ORD10025,SKU141,Personal Care,E,1,11.91,5.15,2.55,140,304.34,4764.53,7.7,17.97,322.31,25.0,5.0,352.31,4412.22,352.31,92.61
ORD10026,SKU159,Personal Care,A,14,22.62,9.72,6.14,180,245.44,944.32,15.86,47.58,293.02,25.0,5.0,323.02,621.3,23.07,65.79
ORD10027,SKU179,Apparel,A,12,3.64,2.86,6.34,160,160.6,3749.25,9.2,24.53,185.13,25.0,5.0,215.13,3534.12,17.93,94.26
ORD10028,SKU114,Apparel,E,8,23.96,4.37,7.5,160,313.4,3271.52,11.870000000000001,31.65,345.05,25.0,5.0,375.05,2896.47,46.88,88.54
ORD10029,SKU161,Apparel,C,12,17.06,9.32,1.21,140,101.01,3042.94,10.530000000000001,24.57,125.58,25.0,5.0,155.58,2887.36,12.97,94.89
ORD10030,SKU161,Home & Kitchen,B,13,10.74,7.48,7.1,180,258.69,2133.57,14.58,43.74,302.43,25.0,5.0,332.43,1801.14,25.57,84.42
ORD10031,SKU146,Apparel,D,5,6.53,3.28,4.69,160,312.1,1969.12,7.970000000000001,21.25,333.35,25.0,5.0,363.35,1605.77,72.67,81.55
ORD10032,SKU161,FMCG,B,5,13.02,10.82,5.43,160,264.02,512.67,16.25,43.33,307.35,25.0,5.0,337.35,175.32,67.47,34.2
ORD10033,SKU150,Electronics,E,11,6.47,5.93,5.51,160,253.13,1324.17,11.44,30.51,283.64,25.0,5.0,313.64,1010.53,28.51,76.31
ORD10034,SKU154,FMCG,A,4,5.83,10.28,6.74,140,270.84,371.33,17.02,39.71,310.55,25.0,5.0,340.55,30.78,85.14,8.29
ORD10035,SKU163,FMCG,A,6,16.2,9.88,3.33,180,178.82,3032.66,13.21,39.63,218.45,25.0,5.0,248.45,2784.21,41.41,91.81
ORD10036,SKU102,Apparel,D,3,14.03,8.24,6.13,180,309.73,797.51,14.370000000000001,43.11,352.84,25.0,5.0,382.84,414.67,127.61,52.0
ORD10037,SKU150,Electronics,A,9,17.41,6.94,4.7,180,95.1,4403.19,11.64,34.92,130.02,25.0,5.0,160.02,4243.17,17.78,96.37
ORD10038,SKU106,Electronics,A,5,23.38,11.8,6.55,180,70.76,2758.77,18.35,55.05,125.81,25.0,5.0,155.81,2602.96,31.16,94.35
ORD10039,SKU120,Electronics,D,3,14.24,3.45,7.93,120,121.36,3588.54,11.379999999999999,22.76,144.12,25.0,5.0,174.12,3414.42,58.04,95.15
ORD10040,SKU172,Home & Kitchen,D,11,15.36,9.25,2.4,120,200.1,2231.03,11.65,23.3,223.4,25.0,5.0,253.4,1977.63,23.04,88.64
ORD10041,SKU138,Apparel,E,1,4.06,3.91,7.96,180,193.38,2934.73,11.870000000000001,35.61,228.99,25.0,5.0,258.99,2675.74,258.99,91.17
ORD10042,SKU117,Electronics,A,10,18.51,5.38,1.63,140,292.59,4730.5,7.01,16.36,308.95,25.0,5.0,338.95,4391.55,33.89,92.83
ORD10043,SKU103,Home & Kitchen,A,12,11.2,5.09,1.02,120,159.46,688.85,6.109999999999999,12.22,171.68,25.0,5.0,201.68,487.17,16.81,70.72
ORD10044,SKU159,Personal Care,E,6,24.46,11.47,1.31,160,184.99,1493.51,12.780000000000001,34.08,219.07,25.0,5.0,249.07,1244.44,41.51,83.32
ORD10045,SKU113,Personal Care,C,2,20.93,11.67,3.39,120,34.28,3965.95,15.06,30.12,64.4,25.0,5.0,94.4,3871.55,47.2,97.62
ORD10046,SKU108,Home & Kitchen,C,13,14.02,3.83,5.43,160,161.12,764.06,9.26,24.69,185.81,25.0,5.0,215.81,548.25,16.6,71.75
ORD10047,SKU152,Home & Kitchen,C,3,4.83,2.22,1.48,180,237.29,655.61,3.7,11.1,248.39,25.0,5.0,278.39,377.22,92.8,57.54
ORD10048,SKU101,Apparel,E,1,21.77,9.2,1.04,120,34.96,1999.24,10.239999999999998,20.48,55.44,25.0,5.0,85.44,1913.8,85.44,95.73
ORD10049,SKU159,Apparel,A,9,20.39,6.18,7.56,140,119.88,733.19,13.739999999999998,32.06,151.94,25.0,5.0,181.94,551.25,20.22,75.19
ORD10050,SKU170,Personal Care,E,8,6.25,2.89,6.75,120,96.55,3049.87,9.64,19.28,115.83,25.0,5.0,145.83,2904.04,18.23,95.22
ORD10051,SKU143,Electronics,E,12,8.79,8.84,6.66,120,43.44,1363.49,15.5,31.0,74.44,25.0,5.0,104.44,1259.05,8.7,92.34
ORD10052,SKU107,Personal Care,C,2,20.25,7.45,7.19,120,183.36,4509.78,14.64,29.28,212.64,25.0,5.0,242.64,4267.14,121.32,94.62
ORD10053,SKU146,Electronics,B,12,6.26,11.81,5.9,180,88.15,3982.45,17.71,53.13,141.28,25.0,5.0,171.28,3811.17,14.27,95.7
ORD10054,SKU134,Electronics,A,11,23.11,4.27,1.73,140,267.79,3588.61,6.0,14.0,281.79,25.0,5.0,311.79,3276.82,28.34,91.31
ORD10055,SKU177,Apparel,C,8,11.76,6.04,3.79,120,301.34,3199.64,9.83,19.66,321.0,25.0,5.0,351.0,2848.64,43.88,89.03
ORD10056,SKU135,FMCG,B,12,4.0,7.43,6.06,140,204.59,4358.29,13.489999999999998,31.48,236.07,25.0,5.0,266.07,4092.22,22.17,93.9
ORD10057,SKU149,FMCG,B,14,20.76,9.92,2.96,180,344.15,1348.39,12.879999999999999,38.64,382.79,25.0,5.0,412.79,935.6,29.49,69.39
ORD10058,SKU103,Home & Kitchen,D,9,10.59,7.49,5.81,160,174.15,4403.61,13.3,35.47,209.62,25.0,5.0,239.62,4163.99,26.62,94.56
ORD10059,SKU101,Apparel,A,1,14.11,8.13,1.17,120,194.28,4010.61,9.3,18.6,212.88,25.0,5.0,242.88,3767.73,242.88,93.94
ORD10060,SKU105,Electronics,B,13,4.58,4.26,3.14,140,346.55,3816.36,7.4,17.27,363.82,25.0,5.0,393.82,3422.54,30.29,89.68
ORD10061,SKU153,FMCG,C,5,2.06,10.47,4.84,140,104.1,2937.9,15.31,35.72,139.82,25.0,5.0,169.82,2768.08,33.96,94.22
ORD10062,SKU103,Electronics,D,8,16.67,6.29,5.42,180,331.61,1457.35,11.71,35.13,366.74,25.0,5.0,396.74,1060.61,49.59,72.78
ORD10063,SKU153,FMCG,A,11,13.85,3.41,5.04,120,43.71,2290.68,8.45,16.9,60.61,25.0,5.0,90.61,2200.07,8.24,96.04
ORD10064,SKU162,FMCG,E,14,15.65,8.64,5.88,160,172.84,4029.78,14.52,38.72,211.56,25.0,5.0,241.56,3788.22,17.25,94.01
ORD10065,SKU117,FMCG,C,2,20.26,4.16,1.04,140,52.4,449.36,5.2,12.13,64.53,25.0,5.0,94.53,354.83,47.26,78.96
ORD10066,SKU143,Apparel,B,4,16.87,2.98,1.71,120,263.36,3975.64,4.6899999999999995,9.38,272.74,25.0,5.0,302.74,3672.9,75.68,92.39
ORD10067,SKU133,Personal Care,B,7,6.02,10.62,7.08,160,224.69,1428.33,17.7,47.2,271.89,25.0,5.0,301.89,1126.44,43.13,78.86
ORD10068,SKU173,Electronics,C,3,10.3,6.6,5.77,140,256.12,978.25,12.37,28.86,284.98,25.0,5.0,314.98,663.27,104.99,67.8
ORD10069,SKU161,Apparel,B,13,22.84,9.49,1.79,140,149.83,843.8,11.280000000000001,26.32,176.15,25.0,5.0,206.15,637.65,15.86,75.57
ORD10070,SKU113,Apparel,D,12,19.71,4.91,6.89,160,148.23,428.08,11.8,31.47,179.7,25.0,5.0,209.7,218.38,17.47,51.01
ORD10071,SKU147,Apparel,A,5,14.8,9.87,2.7,160,44.5,2760.86,12.57,33.52,78.02,25.0,5.0,108.02,2652.84,21.6,96.09
ORD10072,SKU114,Apparel,D,8,7.88,3.12,4.35,180,141.98,1325.82,7.47,22.41,164.39,25.0,5.0,194.39,1131.43,24.3,85.34
ORD10073,SKU171,Apparel,B,12,8.95,5.56,2.02,120,327.37,4950.33,7.58,15.16,342.53,25.0,5.0,372.53,4577.8,31.04,92.47
ORD10074,SKU177,Home & Kitchen,E,10,18.84,11.78,5.97,120,151.35,2999.85,17.75,35.5,186.85,25.0,5.0,216.85,2783.0,21.68,92.77
ORD10075,SKU161,Electronics,A,3,21.58,9.94,5.67,180,296.04,948.06,15.61,46.83,342.87,25.0,5.0,372.87,575.19,124.29,60.67
ORD10076,SKU139,Apparel,A,4,17.44,6.97,2.48,140,299.54,3537.18,9.45,22.05,321.59,25.0,5.0,351.59,3185.59,87.9,90.06
ORD10077,SKU179,Electronics,C,14,20.62,5.4,7.04,160,149.44,4519.39,12.440000000000001,33.17,182.61,25.0,5.0,212.61,4306.78,15.19,95.3
ORD10078,SKU152,Home & Kitchen,C,9,19.63,10.72,3.81,160,232.24,3802.34,14.530000000000001,38.75,270.99,25.0,5.0,300.99,3501.35,33.44,92.08
ORD10079,SKU123,Home & Kitchen,E,14,5.44,7.45,3.05,160,60.52,659.27,10.5,28.0,88.52,25.0,5.0,118.52,540.75,8.47,82.02
ORD10080,SKU125,Electronics,A,14,11.75,9.58,2.07,140,63.18,4510.66,11.65,27.18,90.36,25.0,5.0,120.36,4390.3,8.6,97.33
ORD10081,SKU159,FMCG,E,7,5.52,9.54,2.86,160,45.57,4031.47,12.399999999999999,33.07,78.64,25.0,5.0,108.64,3922.83,15.52,97.31
ORD10082,SKU140,Personal Care,C,1,7.41,2.18,1.15,160,215.92,1044.03,3.33,8.88,224.8,25.0,5.0,254.8,789.23,254.8,75.59
ORD10083,SKU128,FMCG,C,14,21.99,3.26,5.08,180,166.34,543.39,8.34,25.02,191.36,25.0,5.0,221.36,322.03,15.81,59.26
ORD10084,SKU114,FMCG,A,12,12.88,8.6,6.9,140,205.37,2919.36,15.5,36.17,241.54,25.0,5.0,271.54,2647.82,22.63,90.7
ORD10085,SKU144,FMCG,D,4,14.31,3.62,4.84,120,196.74,1033.37,8.46,16.92,213.66,25.0,5.0,243.66,789.71,60.92,76.42
ORD10086,SKU164,Apparel,B,4,6.1,4.55,2.53,180,142.06,4222.58,7.08,21.24,163.3,25.0,5.0,193.3,4029.28,48.32,95.42
ORD10087,SKU170,Home & Kitchen,C,9,9.18,11.47,1.24,180,246.79,1984.17,12.71,38.13,284.92,25.0,5.0,314.92,1669.25,34.99,84.13
ORD10088,SKU108,FMCG,C,6,7.3,7.6,2.5,120,272.72,4590.59,10.1,20.2,292.92,25.0,5.0,322.92,4267.67,53.82,92.97
ORD10089,SKU100,Home & Kitchen,D,9,6.74,9.51,3.91,180,34.68,2958.73,13.42,40.26,74.94,25.0,5.0,104.94,2853.79,11.66,96.45
ORD10090,SKU107,Electronics,D,12,16.67,7.58,6.32,140,96.32,1158.56,13.9,32.43,128.75,25.0,5.0,158.75,999.81,13.23,86.3
ORD10091,SKU162,Personal Care,E,6,7.91,7.53,2.31,160,258.24,956.11,9.84,26.24,284.48,25.0,5.0,314.48,641.63,52.41,67.11
ORD10092,SKU110,Electronics,E,6,16.54,2.94,6.04,140,153.72,3009.42,8.98,20.95,174.67,25.0,5.0,204.67,2804.75,34.11,93.2
ORD10093,SKU107,Electronics,B,5,3.34,5.44,7.07,120,241.99,3880.85,12.510000000000002,25.02,267.01,25.0,5.0,297.01,3583.84,59.4,92.35
ORD10094,SKU134,Apparel,B,5,5.26,4.82,4.18,120,141.03,3973.08,9.0,18.0,159.03,25.0,5.0,189.03,3784.05,37.81,95.24
ORD10095,SKU134,Personal Care,A,2,8.31,5.91,6.75,180,155.04,1596.06,12.66,37.98,193.02,25.0,5.0,223.02,1373.04,111.51,86.03
ORD10096,SKU132,Electronics,E,8,15.73,9.98,4.88,140,80.78,1259.96,14.86,34.67,115.45,25.0,5.0,145.45,1114.51,18.18,88.46
ORD10097,SKU104,Electronics,C,8,17.54,5.72,5.46,140,112.63,378.75,11.18,26.09,138.72,25.0,5.0,168.72,210.03,21.09,55.45
ORD10098,SKU140,Personal Care,E,11,12.18,6.52,4.68,120,223.73,3492.24,11.2,22.4,246.13,25.0,5.0,276.13,3216.11,25.1,92.09
ORD10099,SKU127,Personal Care,C,13,12.25,5.97,4.24,140,168.61,659.87,10.21,23.82,192.43,25.0,5.0,222.43,437.44,17.11,66.29
ORD10100,SKU106,Electronics,D,1,18.66,2.93,2.64,120,277.78,2277.58,5.57,11.14,288.92,25.0,5.0,318.92,1958.66,318.92,86.0
ORD10101,SKU172,Personal Care,E,8,2.36,6.41,3.12,140,302.83,3127.91,9.530000000000001,22.24,325.07,25.0,5.0,355.07,2772.84,44.38,88.65
ORD10102,SKU171,Electronics,D,5,9.85,3.96,3.03,140,203.33,4704.41,6.99,16.31,219.64,25.0,5.0,249.64,4454.77,49.93,94.69
ORD10103,SKU111,Electronics,B,2,20.83,3.87,4.94,140,272.65,1765.47,8.81,20.56,293.21,25.0,5.0,323.21,1442.26,161.6,81.69
ORD10104,SKU133,Apparel,B,14,15.87,2.94,1.84,120,128.21,1473.93,4.78,9.56,137.77,25.0,5.0,167.77,1306.16,11.98,88.62
ORD10105,SKU132,FMCG,A,2,9.76,5.57,7.42,180,162.79,3374.55,12.99,38.97,201.76,25.0,5.0,231.76,3142.79,115.88,93.13
ORD10106,SKU147,Electronics,E,14,22.83,9.57,6.04,140,258.09,3210.42,15.61,36.42,294.51,25.0,5.0,324.51,2885.91,23.18,89.89
ORD10107,SKU122,Home & Kitchen,D,6,19.77,4.76,3.81,120,153.59,1860.92,8.57,17.14,170.73,25.0,5.0,200.73,1660.19,33.46,89.21
ORD10108,SKU161,FMCG,C,11,8.09,5.12,2.11,120,218.32,4662.08,7.23,14.46,232.78,25.0,5.0,262.78,4399.3,23.89,94.36
ORD10109,SKU136,FMCG,B,13,16.84,8.43,7.17,140,89.32,4270.85,15.6,36.4,125.72,25.0,5.0,155.72,4115.13,11.98,96.35
ORD10110,SKU143,FMCG,B,9,15.7,3.96,6.77,140,221.93,1352.72,10.73,25.04,246.97,25.0,5.0,276.97,1075.75,30.77,79.52
ORD10111,SKU134,Apparel,C,1,11.23,10.97,6.05,180,305.68,1423.97,17.02,51.06,356.74,25.0,5.0,386.74,1037.23,386.74,72.84
ORD10112,SKU164,Electronics,D,12,10.44,7.2,2.9,120,307.96,2707.81,10.1,20.2,328.16,25.0,5.0,358.16,2349.65,29.85,86.77
ORD10113,SKU146,Apparel,D,6,9.9,6.48,3.82,120,261.79,3935.79,10.3,20.6,282.39,25.0,5.0,312.39,3623.4,52.06,92.06
ORD10114,SKU177,Electronics,E,9,16.19,7.58,1.72,160,268.64,506.99,9.3,24.8,293.44,25.0,5.0,323.44,183.55,35.94,36.2
ORD10115,SKU102,Apparel,E,8,12.18,3.66,2.32,120,208.54,3558.68,5.98,11.96,220.5,25.0,5.0,250.5,3308.18,31.31,92.96
ORD10116,SKU100,Apparel,A,11,21.13,8.13,6.48,180,217.09,3346.71,14.610000000000001,43.83,260.92,25.0,5.0,290.92,3055.79,26.45,91.31
ORD10117,SKU104,Home & Kitchen,B,6,17.4,5.63,6.01,160,72.77,1387.96,11.64,31.04,103.81,25.0,5.0,133.81,1254.15,22.3,90.36
ORD10118,SKU113,Apparel,E,3,3.61,10.97,5.15,160,172.03,3502.36,16.12,42.99,215.02,25.0,5.0,245.02,3257.34,81.67,93.0
ORD10119,SKU126,Personal Care,D,8,16.72,3.69,7.27,160,174.25,4718.86,10.959999999999999,29.23,203.48,25.0,5.0,233.48,4485.38,29.18,95.05
ORD10120,SKU108,Home & Kitchen,C,9,8.24,7.07,5.08,140,336.72,519.89,12.15,28.35,365.07,25.0,5.0,395.07,124.82,43.9,24.01
ORD10121,SKU178,Apparel,D,1,15.63,7.98,4.27,140,167.95,1802.36,12.25,28.58,196.53,25.0,5.0,226.53,1575.83,226.53,87.43
ORD10122,SKU114,FMCG,B,12,17.64,2.33,3.38,120,205.79,2359.43,5.71,11.42,217.21,25.0,5.0,247.21,2112.22,20.6,89.52
ORD10123,SKU141,Personal Care,D,9,7.31,5.64,7.58,160,200.64,4526.52,13.219999999999999,35.25,235.89,25.0,5.0,265.89,4260.63,29.54,94.13
ORD10124,SKU176,Personal Care,A,14,12.51,9.33,1.58,180,233.76,4822.63,10.91,32.73,266.49,25.0,5.0,296.49,4526.14,21.18,93.85
ORD10125,SKU150,Personal Care,B,6,6.38,10.2,7.52,140,269.43,2387.34,17.72,41.35,310.78,25.0,5.0,340.78,2046.56,56.8,85.73
ORD10126,SKU162,Home & Kitchen,C,6,3.2,5.13,6.79,180,102.01,3825.13,11.92,35.76,137.77,25.0,5.0,167.77,3657.36,27.96,95.61
ORD10127,SKU151,Apparel,A,12,10.7,9.99,1.91,180,199.19,2798.81,11.9,35.7,234.89,25.0,5.0,264.89,2533.92,22.07,90.54
ORD10128,SKU103,Apparel,B,4,10.35,11.68,4.95,140,294.29,2827.58,16.63,38.8,333.09,25.0,5.0,363.09,2464.49,90.77,87.16
ORD10129,SKU122,FMCG,C,1,24.9,10.57,7.07,140,178.2,1607.07,17.64,41.16,219.36,25.0,5.0,249.36,1357.71,249.36,84.48
ORD10130,SKU114,FMCG,A,10,12.27,3.18,5.0,140,119.11,1319.69,8.18,19.09,138.2,25.0,5.0,168.2,1151.49,16.82,87.25
ORD10131,SKU142,Personal Care,A,8,9.67,9.4,7.35,140,239.51,1653.63,16.75,39.08,278.59,25.0,5.0,308.59,1345.04,38.57,81.34
ORD10132,SKU128,FMCG,B,2,15.35,5.2,7.6,160,293.61,2914.74,12.8,34.13,327.74,25.0,5.0,357.74,2557.0,178.87,87.73
ORD10133,SKU135,Home & Kitchen,E,12,4.04,11.88,3.96,160,50.2,437.03,15.84,42.24,92.44,25.0,5.0,122.44,314.59,10.2,71.98
ORD10134,SKU112,Apparel,A,1,24.12,6.85,3.64,160,278.57,4564.07,10.49,27.97,306.54,25.0,5.0,336.54,4227.53,336.54,92.63
ORD10135,SKU131,Personal Care,A,2,16.6,3.22,7.55,160,292.93,1034.53,10.77,28.72,321.65,25.0,5.0,351.65,682.88,175.82,66.01
ORD10136,SKU170,FMCG,C,1,19.36,9.25,5.73,120,177.69,1334.42,14.98,29.96,207.65,25.0,5.0,237.65,1096.77,237.65,82.19
ORD10137,SKU158,Home & Kitchen,D,1,5.92,5.23,1.81,160,344.66,2735.9,7.040000000000001,18.77,363.43,25.0,5.0,393.43,2342.47,393.43,85.62
ORD10138,SKU127,Home & Kitchen,B,9,11.42,11.97,1.3,140,281.75,3637.54,13.270000000000001,30.96,312.71,25.0,5.0,342.71,3294.83,38.08,90.58
ORD10139,SKU165,FMCG,B,13,11.72,11.8,4.95,180,277.57,749.93,16.75,50.25,327.82,25.0,5.0,357.82,392.11,27.52,52.29
ORD10140,SKU141,Apparel,E,14,20.9,8.56,7.51,160,269.31,1793.17,16.07,42.85,312.16,25.0,5.0,342.16,1451.01,24.44,80.92
ORD10141,SKU144,FMCG,E,1,2.03,3.3,6.91,120,78.19,4852.77,10.21,20.42,98.61,25.0,5.0,128.61,4724.16,128.61,97.35
ORD10142,SKU161,Personal Care,B,13,8.92,8.87,5.73,140,99.51,1533.01,14.6,34.07,133.58,25.0,5.0,163.58,1369.43,12.58,89.33
ORD10143,SKU156,FMCG,E,4,24.57,2.93,1.97,180,178.48,1771.34,4.9,14.7,193.18,25.0,5.0,223.18,1548.16,55.8,87.4
ORD10144,SKU105,Home & Kitchen,C,10,12.92,2.29,2.78,180,114.48,4231.54,5.07,15.21,129.69,25.0,5.0,159.69,4071.85,15.97,96.23
ORD10145,SKU127,FMCG,B,6,10.8,10.23,7.13,160,162.88,536.01,17.36,46.29,209.17,25.0,5.0,239.17,296.84,39.86,55.38
ORD10146,SKU127,Apparel,E,7,4.76,4.1,2.28,180,314.31,2483.68,6.379999999999999,19.14,333.45,25.0,5.0,363.45,2120.23,51.92,85.37
ORD10147,SKU143,Electronics,B,2,24.41,5.79,2.95,160,293.78,2084.2,8.74,23.31,317.09,25.0,5.0,347.09,1737.11,173.54,83.35
ORD10148,SKU129,FMCG,D,6,2.46,11.73,1.91,160,231.61,1787.96,13.64,36.37,267.98,25.0,5.0,297.98,1489.98,49.66,83.33
ORD10149,SKU161,Apparel,A,7,18.96,5.37,5.73,140,304.6,1642.79,11.100000000000001,25.9,330.5,25.0,5.0,360.5,1282.29,51.5,78.06
ORD10150,SKU174,Apparel,B,10,19.68,4.96,7.61,140,280.81,729.46,12.57,29.33,310.14,25.0,5.0,340.14,389.32,34.01,53.37
ORD10151,SKU161,Home & Kitchen,A,14,7.6,11.18,2.88,120,167.28,1779.68,14.059999999999999,28.12,195.4,25.0,5.0,225.4,1554.28,16.1,87.33
ORD10152,SKU100,Apparel,E,10,17.45,3.11,4.33,140,94.34,502.35,7.4399999999999995,17.36,111.7,25.0,5.0,141.7,360.65,14.17,71.79
ORD10153,SKU126,Apparel,A,2,4.14,9.6,5.44,140,194.54,3970.53,15.04,35.09,229.63,25.0,5.0,259.63,3710.9,129.82,93.46
ORD10154,SKU161,Apparel,B,2,7.91,11.88,8.0,160,265.59,2171.67,19.880000000000003,53.01,318.6,25.0,5.0,348.6,1823.07,174.3,83.95
ORD10155,SKU176,Apparel,D,10,20.12,11.01,1.73,140,169.65,2386.35,12.74,29.73,199.38,25.0,5.0,229.38,2156.97,22.94,90.39
ORD10156,SKU102,Personal Care,E,7,21.89,8.52,4.49,160,243.37,4499.89,13.01,34.69,278.06,25.0,5.0,308.06,4191.83,44.01,93.15
ORD10157,SKU169,Personal Care,B,12,16.0,5.14,3.7,160,60.18,3392.86,8.84,23.57,83.75,25.0,5.0,113.75,3279.11,9.48,96.65
ORD10158,SKU171,Home & Kitchen,E,1,13.66,4.54,7.06,140,269.36,337.88,11.6,27.07,296.43,25.0,5.0,326.43,11.45,326.43,3.39
ORD10159,SKU126,FMCG,C,8,5.66,10.19,4.33,120,290.07,4732.92,14.52,29.04,319.11,25.0,5.0,349.11,4383.81,43.64,92.62
ORD10160,SKU108,Apparel,A,11,3.45,10.8,1.78,120,256.19,1414.58,12.58,25.16,281.35,25.0,5.0,311.35,1103.23,28.3,77.99
ORD10161,SKU161,FMCG,C,13,4.71,7.25,5.44,180,339.52,805.79,12.690000000000001,38.07,377.59,25.0,5.0,407.59,398.2,31.35,49.42
ORD10162,SKU136,FMCG,B,3,7.23,4.44,6.4,180,294.53,3910.2,10.84,32.52,327.05,25.0,5.0,357.05,3553.15,119.02,90.87
ORD10163,SKU150,Home & Kitchen,D,11,9.86,3.13,1.02,140,318.99,2652.24,4.15,9.68,328.67,25.0,5.0,358.67,2293.57,32.61,86.48
ORD10164,SKU143,Apparel,E,6,10.76,2.87,7.01,120,328.74,2338.72,9.879999999999999,19.76,348.5,25.0,5.0,378.5,1960.22,63.08,83.82
ORD10165,SKU123,Apparel,A,9,9.97,9.19,2.3,160,286.43,1472.66,11.489999999999998,30.64,317.07,25.0,5.0,347.07,1125.59,38.56,76.43
ORD10166,SKU178,Electronics,E,6,7.5,6.2,4.86,180,245.76,2873.12,11.06,33.18,278.94,25.0,5.0,308.94,2564.18,51.49,89.25
ORD10167,SKU158,FMCG,B,9,13.72,11.05,3.91,160,31.83,1589.61,14.96,39.89,71.72,25.0,5.0,101.72,1487.89,11.3,93.6
ORD10168,SKU131,FMCG,E,7,20.98,9.4,6.04,180,179.06,4537.44,15.440000000000001,46.32,225.38,25.0,5.0,255.38,4282.06,36.48,94.37
ORD10169,SKU151,Personal Care,A,9,8.43,3.91,3.6,140,212.77,1311.46,7.51,17.52,230.29,25.0,5.0,260.29,1051.17,28.92,80.15
ORD10170,SKU161,Electronics,B,2,23.67,8.14,7.09,120,127.29,4456.47,15.23,30.46,157.75,25.0,5.0,187.75,4268.72,93.88,95.79
ORD10171,SKU157,Personal Care,E,12,22.09,6.36,6.11,180,131.79,2929.21,12.47,37.41,169.2,25.0,5.0,199.2,2730.01,16.6,93.2
ORD10172,SKU151,Personal Care,D,8,5.72,7.77,5.53,120,337.57,4193.89,13.3,26.6,364.17,25.0,5.0,394.17,3799.72,49.27,90.6
ORD10173,SKU111,Personal Care,B,8,20.08,9.38,6.57,160,315.35,3650.38,15.950000000000001,42.53,357.88,25.0,5.0,387.88,3262.5,48.48,89.37
ORD10174,SKU138,Home & Kitchen,B,2,15.22,10.06,6.28,140,301.74,3574.47,16.34,38.13,339.87,25.0,5.0,369.87,3204.6,184.94,89.65
ORD10175,SKU101,Home & Kitchen,D,12,15.03,10.44,1.25,120,159.92,1824.43,11.69,23.38,183.3,25.0,5.0,213.3,1611.13,17.78,88.31
ORD10176,SKU102,Personal Care,C,14,10.99,4.54,3.76,140,34.38,1399.32,8.3,19.37,53.75,25.0,5.0,83.75,1315.57,5.98,94.01
ORD10177,SKU155,Electronics,A,4,13.53,2.31,7.52,120,55.67,1291.17,9.83,19.66,75.33,25.0,5.0,105.33,1185.84,26.33,91.84
ORD10178,SKU158,FMCG,C,14,11.14,9.39,1.88,160,129.9,4328.8,11.27,30.05,159.95,25.0,5.0,189.95,4138.85,13.57,95.61
ORD10179,SKU101,Electronics,E,11,14.41,3.06,6.16,160,35.04,4156.01,9.22,24.59,59.63,25.0,5.0,89.63,4066.38,8.15,97.84
ORD10180,SKU101,Apparel,D,7,16.44,5.15,7.82,140,35.49,2370.7,12.97,30.26,65.75,25.0,5.0,95.75,2274.95,13.68,95.96
ORD10181,SKU153,Home & Kitchen,C,11,17.51,2.04,1.37,160,323.31,922.3,3.41,9.09,332.4,25.0,5.0,362.4,559.9,32.95,60.71
ORD10182,SKU100,FMCG,B,4,14.25,8.82,5.78,180,255.97,2096.59,14.600000000000001,43.8,299.77,25.0,5.0,329.77,1766.82,82.44,84.27
ORD10183,SKU118,FMCG,E,4,18.59,3.67,4.28,120,128.87,3210.91,7.95,15.9,144.77,25.0,5.0,174.77,3036.14,43.69,94.56
ORD10184,SKU101,Apparel,E,6,5.25,8.55,5.05,160,72.45,2435.69,13.600000000000001,36.27,108.72,25.0,5.0,138.72,2296.97,23.12,94.3
ORD10185,SKU152,Apparel,C,10,6.88,11.92,1.6,180,193.72,3966.89,13.52,40.56,234.28,25.0,5.0,264.28,3702.61,26.43,93.34
ORD10186,SKU143,Personal Care,C,6,20.83,2.73,1.3,140,31.71,4988.83,4.03,9.4,41.11,25.0,5.0,71.11,4917.72,11.85,98.57
ORD10187,SKU131,Home & Kitchen,D,10,9.42,2.77,5.67,180,330.29,1198.32,8.44,25.32,355.61,25.0,5.0,385.61,812.71,38.56,67.82
ORD10188,SKU169,Home & Kitchen,A,3,2.53,5.4,6.76,140,162.74,2460.36,12.16,28.37,191.11,25.0,5.0,221.11,2239.25,73.7,91.01
ORD10189,SKU131,Electronics,C,9,5.54,10.66,6.47,140,158.75,2325.62,17.13,39.97,198.72,25.0,5.0,228.72,2096.9,25.41,90.17
ORD10190,SKU167,Personal Care,C,12,7.14,4.16,4.81,120,154.99,1731.11,8.969999999999999,17.94,172.93,25.0,5.0,202.93,1528.18,16.91,88.28
ORD10191,SKU154,Personal Care,B,10,24.02,5.6,1.7,120,52.19,1231.05,7.3,14.6,66.79,25.0,5.0,96.79,1134.26,9.68,92.14
ORD10192,SKU174,Personal Care,E,14,15.18,2.69,5.82,180,234.26,608.75,8.51,25.53,259.79,25.0,5.0,289.79,318.96,20.7,52.4
ORD10193,SKU155,Personal Care,A,11,23.45,9.63,2.69,120,264.56,4469.46,12.32,24.64,289.2,25.0,5.0,319.2,4150.26,29.02,92.86
ORD10194,SKU116,Home & Kitchen,B,2,15.23,6.08,7.38,120,246.36,2273.29,13.46,26.92,273.28,25.0,5.0,303.28,1970.01,151.64,86.66
ORD10195,SKU137,Home & Kitchen,D,6,13.03,9.59,6.87,120,74.3,2635.41,16.46,32.92,107.22,25.0,5.0,137.22,2498.19,22.87,94.79
ORD10196,SKU123,Personal Care,D,12,9.22,11.04,5.97,180,215.23,4609.63,17.009999999999998,51.03,266.26,25.0,5.0,296.26,4313.37,24.69,93.57
ORD10197,SKU168,Electronics,C,7,15.95,4.33,7.64,160,212.24,3948.57,11.969999999999999,31.92,244.16,25.0,5.0,274.16,3674.41,39.17,93.06
ORD10198,SKU169,FMCG,C,12,5.2,10.07,1.22,120,307.89,913.36,11.290000000000001,22.58,330.47,25.0,5.0,360.47,552.89,30.04,60.53
ORD10199,SKU110,FMCG,D,13,22.66,2.59,6.15,120,151.32,2957.47,8.74,17.48,168.8,25.0,5.0,198.8,2758.67,15.29,93.28
ORD10200,SKU115,Electronics,C,9,21.07,10.99,3.31,180,148.88,2378.59,14.3,42.9,191.78,25.0,5.0,221.78,2156.81,24.64,90.68
ORD10201,SKU172,Personal Care,A,13,9.3,8.51,7.34,160,227.93,4046.89,15.85,42.27,270.2,25.0,5.0,300.2,3746.69,23.09,92.58
ORD10202,SKU158,Home & Kitchen,C,3,23.91,10.74,2.87,120,232.58,3703.89,13.61,27.22,259.8,25.0,5.0,289.8,3414.09,96.6,92.18
ORD10203,SKU169,FMCG,E,10,20.98,2.0,6.07,140,180.17,3544.91,8.07,18.83,199.0,25.0,5.0,229.0,3315.91,22.9,93.54
ORD10204,SKU179,Apparel,C,3,17.33,3.69,7.14,180,171.78,1900.56,10.83,32.49,204.27,25.0,5.0,234.27,1666.29,78.09,87.67
ORD10205,SKU102,Apparel,B,7,4.8,5.9,1.29,120,188.13,4083.33,7.19,14.38,202.51,25.0,5.0,232.51,3850.82,33.22,94.31
ORD10206,SKU119,Electronics,A,14,13.0,5.8,3.78,120,305.53,546.24,9.58,19.16,324.69,25.0,5.0,354.69,191.55,25.34,35.07
ORD10207,SKU158,Personal Care,B,4,13.64,4.27,6.34,140,177.57,1050.24,10.61,24.76,202.33,25.0,5.0,232.33,817.91,58.08,77.88
ORD10208,SKU135,FMCG,B,13,7.35,5.82,4.18,140,330.78,1877.43,10.0,23.33,354.11,25.0,5.0,384.11,1493.32,29.55,79.54
ORD10209,SKU118,Personal Care,E,8,3.84,3.29,2.87,180,191.28,660.99,6.16,18.48,209.76,25.0,5.0,239.76,421.23,29.97,63.73
ORD10210,SKU166,FMCG,A,13,19.86,6.13,2.54,180,333.74,1404.47,8.67,26.01,359.75,25.0,5.0,389.75,1014.72,29.98,72.25
ORD10211,SKU118,Electronics,A,7,4.81,10.02,1.92,140,296.51,4201.71,11.94,27.86,324.37,25.0,5.0,354.37,3847.34,50.62,91.57
ORD10212,SKU119,Electronics,A,5,15.67,6.79,7.0,180,145.98,4756.78,13.79,41.37,187.35,25.0,5.0,217.35,4539.43,43.47,95.43
ORD10213,SKU170,Apparel,A,7,23.54,2.18,5.03,140,306.37,1731.63,7.210000000000001,16.82,323.19,25.0,5.0,353.19,1378.44,50.46,79.6
ORD10214,SKU151,Personal Care,A,3,22.15,6.21,1.53,120,65.22,1543.22,7.74,15.48,80.7,25.0,5.0,110.7,1432.52,36.9,92.83
ORD10215,SKU132,Apparel,E,12,8.39,2.27,3.68,140,326.02,1615.5,5.95,13.88,339.9,25.0,5.0,369.9,1245.6,30.82,77.1
ORD10216,SKU139,Personal Care,C,2,21.58,11.66,3.57,140,232.13,1605.28,15.23,35.54,267.67,25.0,5.0,297.67,1307.61,148.84,81.46
ORD10217,SKU138,Apparel,B,6,2.01,3.27,2.27,160,47.41,468.87,5.54,14.77,62.18,25.0,5.0,92.18,376.69,15.36,80.34
ORD10218,SKU100,Home & Kitchen,A,2,2.41,9.08,4.05,140,236.16,4656.51,13.129999999999999,30.64,266.8,25.0,5.0,296.8,4359.71,148.4,93.63
ORD10219,SKU110,Home & Kitchen,C,3,15.86,11.73,3.32,140,341.76,1304.38,15.05,35.12,376.88,25.0,5.0,406.88,897.5,135.63,68.81
ORD10220,SKU156,Home & Kitchen,C,6,10.39,10.26,3.39,160,52.34,2274.02,13.65,36.4,88.74,25.0,5.0,118.74,2155.28,19.79,94.78
ORD10221,SKU149,Home & Kitchen,B,5,10.89,8.99,6.17,180,207.5,345.53,15.16,45.48,252.98,25.0,5.0,282.98,62.55,56.6,18.1
ORD10222,SKU122,FMCG,E,8,14.98,10.39,2.56,160,269.29,4332.39,12.950000000000001,34.53,303.82,25.0,5.0,333.82,3998.57,41.73,92.29
ORD10223,SKU130,Home & Kitchen,D,9,6.41,11.82,5.49,120,289.28,3736.44,17.310000000000002,34.62,323.9,25.0,5.0,353.9,3382.54,39.32,90.53
ORD10224,SKU141,Electronics,D,11,6.87,8.21,4.99,160,162.42,4749.75,13.200000000000001,35.2,197.62,25.0,5.0,227.62,4522.13,20.69,95.21
ORD10225,SKU106,Electronics,C,3,13.15,7.59,4.98,120,95.33,3973.59,12.57,25.14,120.47,25.0,5.0,150.47,3823.12,50.16,96.21
ORD10226,SKU115,FMCG,B,12,19.35,8.28,5.64,180,43.55,1774.42,13.919999999999998,41.76,85.31,25.0,5.0,115.31,1659.11,9.61,93.5
ORD10227,SKU159,Home & Kitchen,D,10,16.25,7.33,4.84,160,215.51,1465.0,12.17,32.45,247.96,25.0,5.0,277.96,1187.04,27.8,81.03
ORD10228,SKU101,Home & Kitchen,C,3,8.84,8.35,7.15,160,174.93,3579.27,15.5,41.33,216.26,25.0,5.0,246.26,3333.01,82.09,93.12
ORD10229,SKU100,Home & Kitchen,E,3,11.9,6.5,5.73,180,333.6,2011.33,12.23,36.69,370.29,25.0,5.0,400.29,1611.04,133.43,80.1
ORD10230,SKU147,Apparel,D,13,5.93,4.18,4.83,120,49.39,2961.21,9.01,18.02,67.41,25.0,5.0,97.41,2863.8,7.49,96.71
ORD10231,SKU111,Personal Care,C,13,3.72,3.2,6.81,160,249.33,329.41,10.01,26.69,276.02,25.0,5.0,306.02,23.39,23.54,7.1
ORD10232,SKU168,Apparel,C,6,20.0,2.68,5.24,120,37.99,590.86,7.92,15.84,53.83,25.0,5.0,83.83,507.03,13.97,85.81
ORD10233,SKU136,Personal Care,A,1,8.1,4.63,3.04,160,84.86,2816.23,7.67,20.45,105.31,25.0,5.0,135.31,2680.92,135.31,95.2
ORD10234,SKU131,Home & Kitchen,E,7,6.09,2.46,2.45,140,175.15,2960.54,4.91,11.46,186.61,25.0,5.0,216.61,2743.93,30.94,92.68
ORD10235,SKU108,Home & Kitchen,A,12,17.91,7.67,2.07,160,175.56,3831.83,9.74,25.97,201.53,25.0,5.0,231.53,3600.3,19.29,93.96
ORD10236,SKU118,Apparel,B,1,16.22,4.84,7.3,180,249.42,920.24,12.14,36.42,285.84,25.0,5.0,315.84,604.4,315.84,65.68
ORD10237,SKU147,Apparel,A,14,16.56,10.25,5.97,180,321.27,2711.96,16.22,48.66,369.93,25.0,5.0,399.93,2312.03,28.57,85.25
ORD10238,SKU179,Personal Care,A,5,7.26,2.74,7.56,120,234.49,1213.9,10.3,20.6,255.09,25.0,5.0,285.09,928.81,57.02,76.51
ORD10239,SKU102,Electronics,D,10,7.35,4.26,5.22,160,335.13,738.02,9.48,25.28,360.41,25.0,5.0,390.41,347.61,39.04,47.1
ORD10240,SKU119,Personal Care,C,13,7.08,9.3,4.31,120,312.12,2229.33,13.61,27.22,339.34,25.0,5.0,369.34,1859.99,28.41,83.43
ORD10241,SKU123,Apparel,E,8,6.0,7.99,1.42,120,217.04,1067.68,9.41,18.82,235.86,25.0,5.0,265.86,801.82,33.23,75.1
ORD10242,SKU153,Apparel,A,4,17.08,2.64,5.7,140,296.81,1342.38,8.34,19.46,316.27,25.0,5.0,346.27,996.11,86.57,74.2
ORD10243,SKU132,FMCG,E,5,21.5,10.77,5.08,140,235.62,1792.51,15.85,36.98,272.6,25.0,5.0,302.6,1489.91,60.52,83.12
ORD10244,SKU123,Apparel,A,4,18.66,10.77,7.93,180,55.14,1519.13,18.7,56.1,111.24,25.0,5.0,141.24,1377.89,35.31,90.7
ORD10245,SKU174,FMCG,B,12,20.22,5.3,2.67,120,266.98,711.68,7.97,15.94,282.92,25.0,5.0,312.92,398.76,26.08,56.03
ORD10246,SKU171,Electronics,A,12,11.31,5.4,4.72,180,60.37,722.61,10.120000000000001,30.36,90.73,25.0,5.0,120.73,601.88,10.06,83.29
ORD10247,SKU135,Personal Care,D,14,17.04,11.89,5.56,160,220.11,1208.27,17.45,46.53,266.64,25.0,5.0,296.64,911.63,21.19,75.45
ORD10248,SKU137,Personal Care,C,4,10.15,8.26,5.51,120,254.84,537.63,13.77,27.54,282.38,25.0,5.0,312.38,225.25,78.1,41.9
ORD10249,SKU124,FMCG,B,12,14.09,7.31,4.93,120,51.29,3244.35,12.239999999999998,24.48,75.77,25.0,5.0,105.77,3138.58,8.81,96.74
ORD10250,SKU117,Personal Care,A,8,13.08,10.38,6.44,160,103.85,1650.44,16.82,44.85,148.7,25.0,5.0,178.7,1471.74,22.34,89.17
ORD10251,SKU165,Apparel,E,2,6.07,4.85,2.43,160,323.02,1614.81,7.279999999999999,19.41,342.43,25.0,5.0,372.43,1242.38,186.22,76.94
ORD10252,SKU153,Home & Kitchen,B,1,10.9,6.29,6.08,180,227.22,1860.39,12.370000000000001,37.11,264.33,25.0,5.0,294.33,1566.06,294.33,84.18
ORD10253,SKU134,FMCG,B,3,24.17,4.68,5.34,180,108.81,3415.14,10.02,30.06,138.87,25.0,5.0,168.87,3246.27,56.29,95.06
ORD10254,SKU179,Personal Care,A,9,7.72,9.89,7.27,160,251.02,4391.98,17.16,45.76,296.78,25.0,5.0,326.78,4065.2,36.31,92.56
ORD10255,SKU160,FMCG,B,4,5.08,7.73,6.93,180,220.97,3867.71,14.66,43.98,264.95,25.0,5.0,294.95,3572.76,73.74,92.37
ORD10256,SKU140,FMCG,E,10,11.63,8.59,3.21,160,190.5,3719.39,11.8,31.47,221.97,25.0,5.0,251.97,3467.42,25.2,93.23
ORD10257,SKU132,Home & Kitchen,B,5,20.18,4.52,2.93,120,342.38,2576.64,7.449999999999999,14.9,357.28,25.0,5.0,387.28,2189.36,77.46,84.97
ORD10258,SKU167,Apparel,E,2,15.39,4.2,7.87,120,248.71,3560.89,12.07,24.14,272.85,25.0,5.0,302.85,3258.04,151.43,91.5
ORD10259,SKU132,FMCG,A,4,17.66,6.88,4.69,140,150.14,2897.98,11.57,27.0,177.14,25.0,5.0,207.14,2690.84,51.78,92.85
ORD10260,SKU113,Personal Care,C,2,6.36,9.38,7.34,120,286.02,1316.38,16.72,33.44,319.46,25.0,5.0,349.46,966.92,174.73,73.45
ORD10261,SKU120,Electronics,B,2,16.24,7.25,2.15,160,313.07,1280.37,9.4,25.07,338.14,25.0,5.0,368.14,912.23,184.07,71.25
ORD10262,SKU147,FMCG,C,4,9.44,2.33,5.5,180,70.07,1693.04,7.83,23.49,93.56,25.0,5.0,123.56,1569.48,30.89,92.7
ORD10263,SKU119,FMCG,E,6,21.19,10.69,6.67,140,94.18,4580.77,17.36,40.51,134.69,25.0,5.0,164.69,4416.08,27.45,96.4
ORD10264,SKU107,Home & Kitchen,B,7,16.47,2.65,7.63,180,99.19,2872.85,10.28,30.84,130.03,25.0,5.0,160.03,2712.82,22.86,94.43
ORD10265,SKU106,Apparel,D,10,6.57,11.56,3.36,160,251.19,3749.36,14.92,39.79,290.98,25.0,5.0,320.98,3428.38,32.1,91.44
ORD10266,SKU166,Electronics,C,3,3.49,2.25,6.07,120,222.97,1928.83,8.32,16.64,239.61,25.0,5.0,269.61,1659.22,89.87,86.02
ORD10267,SKU116,Personal Care,B,3,2.98,8.94,4.77,140,228.08,2216.26,13.709999999999999,31.99,260.07,25.0,5.0,290.07,1926.19,96.69,86.91
ORD10268,SKU132,Electronics,C,10,10.54,2.82,1.42,160,331.05,890.16,4.24,11.31,342.36,25.0,5.0,372.36,517.8,37.24,58.17
ORD10269,SKU147,Personal Care,B,6,8.11,11.11,5.83,140,278.29,1105.09,16.939999999999998,39.53,317.82,25.0,5.0,347.82,757.27,57.97,68.53
ORD10270,SKU175,Apparel,A,13,16.86,6.64,5.83,140,70.94,4188.58,12.469999999999999,29.1,100.04,25.0,5.0,130.04,4058.54,10.0,96.9
ORD10271,SKU158,Personal Care,C,12,13.48,3.38,7.51,120,141.2,3048.74,10.89,21.78,162.98,25.0,5.0,192.98,2855.76,16.08,93.67
ORD10272,SKU121,Home & Kitchen,D,3,8.12,5.41,4.48,160,169.33,1886.4,9.89,26.37,195.7,25.0,5.0,225.7,1660.7,75.23,88.04
ORD10273,SKU129,Home & Kitchen,D,13,5.43,3.65,2.61,180,156.71,4073.4,6.26,18.78,175.49,25.0,5.0,205.49,3867.91,15.81,94.96
ORD10274,SKU137,Home & Kitchen,E,2,4.93,3.71,1.31,140,244.18,1458.64,5.02,11.71,255.89,25.0,5.0,285.89,1172.75,142.94,80.4
ORD10275,SKU150,Home & Kitchen,B,8,21.89,11.48,3.91,140,315.41,4887.35,15.39,35.91,351.32,25.0,5.0,381.32,4506.03,47.66,92.2
ORD10276,SKU153,Electronics,C,5,7.6,6.45,3.11,180,127.94,1920.64,9.56,28.68,156.62,25.0,5.0,186.62,1734.02,37.32,90.28
ORD10277,SKU107,Apparel,E,1,16.99,9.89,6.33,160,206.6,1885.36,16.22,43.25,249.85,25.0,5.0,279.85,1605.51,279.85,85.16
ORD10278,SKU126,Personal Care,C,3,20.65,8.4,3.48,140,282.61,1765.99,11.88,27.72,310.33,25.0,5.0,340.33,1425.66,113.44,80.73
ORD10279,SKU126,Personal Care,B,10,16.12,8.76,7.64,140,163.19,873.92,16.4,38.27,201.46,25.0,5.0,231.46,642.46,23.15,73.51
ORD10280,SKU120,Home & Kitchen,D,8,21.77,3.32,7.74,140,83.8,822.34,11.06,25.81,109.61,25.0,5.0,139.61,682.73,17.45,83.02
ORD10281,SKU129,Home & Kitchen,A,4,11.03,4.34,5.35,160,181.98,3346.09,9.69,25.84,207.82,25.0,5.0,237.82,3108.27,59.46,92.89
ORD10282,SKU127,FMCG,D,14,23.99,9.87,7.5,160,47.67,4413.05,17.369999999999997,46.32,93.99,25.0,5.0,123.99,4289.06,8.86,97.19
ORD10283,SKU163,Apparel,E,7,5.06,11.71,6.33,180,331.56,4015.45,18.04,54.12,385.68,25.0,5.0,415.68,3599.77,59.38,89.65
ORD10284,SKU168,Electronics,A,10,4.35,4.63,4.83,160,53.94,963.21,9.46,25.23,79.17,25.0,5.0,109.17,854.04,10.92,88.67
ORD10285,SKU160,Personal Care,E,12,17.15,4.72,2.26,160,170.31,2864.24,6.9799999999999995,18.61,188.92,25.0,5.0,218.92,2645.32,18.24,92.36
ORD10286,SKU147,FMCG,B,14,23.69,6.73,4.21,120,199.56,796.28,10.940000000000001,21.88,221.44,25.0,5.0,251.44,544.84,17.96,68.42
ORD10287,SKU118,FMCG,A,14,20.6,11.84,4.93,180,345.3,512.88,16.77,50.31,395.61,25.0,5.0,425.61,87.27,30.4,17.02
ORD10288,SKU103,Personal Care,E,2,3.76,4.69,7.05,140,83.13,3385.01,11.74,27.39,110.52,25.0,5.0,140.52,3244.49,70.26,95.85
ORD10289,SKU134,Electronics,B,7,8.43,6.07,4.37,160,66.62,2815.22,10.440000000000001,27.84,94.46,25.0,5.0,124.46,2690.76,17.78,95.58
ORD10290,SKU163,FMCG,D,5,23.4,10.91,7.28,140,32.79,685.51,18.19,42.44,75.23,25.0,5.0,105.23,580.28,21.05,84.65
ORD10291,SKU148,FMCG,B,5,7.82,2.03,5.72,140,79.78,464.21,7.75,18.08,97.86,25.0,5.0,127.86,336.35,25.57,72.46
ORD10292,SKU116,Apparel,C,6,19.97,2.4,1.96,120,96.33,4951.86,4.359999999999999,8.72,105.05,25.0,5.0,135.05,4816.81,22.51,97.27
ORD10293,SKU143,Electronics,B,13,20.98,8.04,7.96,160,231.79,441.1,16.0,42.67,274.46,25.0,5.0,304.46,136.64,23.42,30.98
ORD10294,SKU129,FMCG,B,9,13.4,11.07,4.69,180,100.31,2389.28,15.760000000000002,47.28,147.59,25.0,5.0,177.59,2211.69,19.73,92.57
ORD10295,SKU145,Electronics,C,14,10.89,4.39,3.74,160,36.57,2671.71,8.129999999999999,21.68,58.25,25.0,5.0,88.25,2583.46,6.3,96.7
ORD10296,SKU105,Personal Care,E,6,12.35,6.7,5.61,140,294.52,851.22,12.31,28.72,323.24,25.0,5.0,353.24,497.98,58.87,58.5
ORD10297,SKU136,Home & Kitchen,E,12,7.22,6.5,1.76,180,146.99,1094.59,8.26,24.78,171.77,25.0,5.0,201.77,892.82,16.81,81.57
ORD10298,SKU123,FMCG,B,13,22.46,6.73,5.46,160,143.18,1953.48,12.190000000000001,32.51,175.69,25.0,5.0,205.69,1747.79,15.82,89.47
ORD10299,SKU145,Apparel,C,14,12.36,8.23,4.49,140,126.79,3879.88,12.72,29.68,156.47,25.0,5.0,186.47,3693.41,13.32,95.19
ORD10300,SKU152,Personal Care,C,8,22.3,6.7,3.85,140,342.12,2683.29,10.55,24.62,366.74,25.0,5.0,396.74,2286.55,49.59,85.21
ORD10301,SKU159,Electronics,D,7,4.43,6.47,7.67,120,84.44,3298.14,14.14,28.28,112.72,25.0,5.0,142.72,3155.42,20.39,95.67
ORD10302,SKU162,Personal Care,E,9,24.73,6.74,4.66,120,317.44,4930.32,11.4,22.8,340.24,25.0,5.0,370.24,4560.08,41.14,92.49
ORD10303,SKU131,FMCG,A,4,12.2,7.91,2.53,120,278.58,3909.63,10.44,20.88,299.46,25.0,5.0,329.46,3580.17,82.36,91.57
ORD10304,SKU132,Electronics,E,2,3.1,7.37,4.21,140,54.47,2341.5,11.58,27.02,81.49,25.0,5.0,111.49,2230.01,55.74,95.24
ORD10305,SKU166,Home & Kitchen,E,7,2.87,10.54,7.44,160,345.75,2398.28,17.98,47.95,393.7,25.0,5.0,423.7,1974.58,60.53,82.33
ORD10306,SKU117,Personal Care,D,6,19.16,2.49,2.23,120,116.84,3208.23,4.720000000000001,9.44,126.28,25.0,5.0,156.28,3051.95,26.05,95.13
ORD10307,SKU124,FMCG,A,1,17.16,10.33,2.5,160,61.55,3427.22,12.83,34.21,95.76,25.0,5.0,125.76,3301.46,125.76,96.33
ORD10308,SKU153,Apparel,D,11,20.45,10.44,1.09,120,295.38,2653.34,11.53,23.06,318.44,25.0,5.0,348.44,2304.9,31.68,86.87
ORD10309,SKU157,Electronics,A,9,4.42,4.85,1.1,180,256.14,3330.85,5.949999999999999,17.85,273.99,25.0,5.0,303.99,3026.86,33.78,90.87
ORD10310,SKU166,Personal Care,B,9,2.82,6.63,6.81,180,227.51,410.6,13.44,40.32,267.83,25.0,5.0,297.83,112.77,33.09,27.46
ORD10311,SKU145,Personal Care,A,12,13.7,6.39,6.12,120,79.91,2319.23,12.51,25.02,104.93,25.0,5.0,134.93,2184.3,11.24,94.18
ORD10312,SKU123,Home & Kitchen,D,2,10.91,4.19,3.49,140,183.12,1611.01,7.680000000000001,17.92,201.04,25.0,5.0,231.04,1379.97,115.52,85.66
ORD10313,SKU131,Home & Kitchen,E,3,12.62,5.97,5.89,120,279.78,907.12,11.86,23.72,303.5,25.0,5.0,333.5,573.62,111.17,63.24
ORD10314,SKU146,Apparel,A,5,24.81,2.44,3.77,120,127.16,767.87,6.21,12.42,139.58,25.0,5.0,169.58,598.29,33.92,77.92
ORD10315,SKU122,Apparel,A,5,24.33,4.78,7.67,140,129.74,3135.0,12.45,29.05,158.79,25.0,5.0,188.79,2946.21,37.76,93.98
ORD10316,SKU165,FMCG,C,1,23.67,10.17,7.77,180,31.01,2760.92,17.939999999999998,53.82,84.83,25.0,5.0,114.83,2646.09,114.83,95.84
ORD10317,SKU126,FMCG,E,8,20.03,4.85,3.75,160,85.76,1491.85,8.6,22.93,108.69,25.0,5.0,138.69,1353.16,17.34,90.7
ORD10318,SKU101,Apparel,B,12,10.16,10.18,6.98,120,310.13,2513.47,17.16,34.32,344.45,25.0,5.0,374.45,2139.02,31.2,85.1
ORD10319,SKU116,Apparel,D,8,11.48,7.32,6.41,140,171.36,2613.49,13.73,32.04,203.4,25.0,5.0,233.4,2380.09,29.18,91.07
ORD10320,SKU132,Electronics,B,4,14.64,10.8,3.17,120,344.96,1216.54,13.97,27.94,372.9,25.0,5.0,402.9,813.64,100.72,66.88
ORD10321,SKU108,Home & Kitchen,E,13,21.1,7.75,2.62,140,156.63,3364.84,10.370000000000001,24.2,180.83,25.0,5.0,210.83,3154.01,16.22,93.73
ORD10322,SKU142,FMCG,A,7,3.58,2.3,4.21,160,258.86,3970.32,6.51,17.36,276.22,25.0,5.0,306.22,3664.1,43.75,92.29
ORD10323,SKU147,Home & Kitchen,A,11,11.76,8.75,6.47,160,120.21,4019.88,15.219999999999999,40.59,160.8,25.0,5.0,190.8,3829.08,17.35,95.25
ORD10324,SKU138,Home & Kitchen,E,10,3.9,2.45,7.72,180,146.42,3131.61,10.17,30.51,176.93,25.0,5.0,206.93,2924.68,20.69,93.39
ORD10325,SKU141,Apparel,A,3,13.84,6.51,6.35,140,91.03,2704.7,12.86,30.01,121.04,25.0,5.0,151.04,2553.66,50.35,94.42
ORD10326,SKU125,Electronics,A,6,22.67,11.29,6.99,140,141.06,586.73,18.28,42.65,183.71,25.0,5.0,213.71,373.02,35.62,63.58
ORD10327,SKU149,Personal Care,A,14,20.0,3.65,5.22,180,205.12,1652.81,8.87,26.61,231.73,25.0,5.0,261.73,1391.08,18.7,84.16
ORD10328,SKU124,Electronics,D,10,7.24,5.9,6.85,180,347.37,738.38,12.75,38.25,385.62,25.0,5.0,415.62,322.76,41.56,43.71
ORD10329,SKU123,Electronics,D,13,24.45,9.3,6.49,140,242.54,4829.97,15.790000000000001,36.84,279.38,25.0,5.0,309.38,4520.59,23.8,93.59
ORD10330,SKU112,Home & Kitchen,C,10,17.35,10.82,3.64,180,93.76,934.88,14.46,43.38,137.14,25.0,5.0,167.14,767.74,16.71,82.12
ORD10331,SKU159,Electronics,B,12,2.24,8.71,4.86,160,44.39,1013.34,13.57,36.19,80.58,25.0,5.0,110.58,902.76,9.22,89.09
ORD10332,SKU106,FMCG,E,14,7.87,4.58,6.63,120,70.43,4481.01,11.21,22.42,92.85,25.0,5.0,122.85,4358.16,8.78,97.26
ORD10333,SKU156,Home & Kitchen,E,9,8.0,8.75,1.32,160,210.02,4736.46,10.07,26.85,236.87,25.0,5.0,266.87,4469.59,29.65,94.37
ORD10334,SKU135,FMCG,E,1,3.59,4.97,6.66,180,274.85,3899.4,11.629999999999999,34.89,309.74,25.0,5.0,339.74,3559.66,339.74,91.29
ORD10335,SKU144,Personal Care,C,5,24.08,9.18,2.25,140,330.93,325.4,11.43,26.67,357.6,25.0,5.0,387.6,-62.2,77.52,-19.11
ORD10336,SKU119,Home & Kitchen,D,4,13.0,11.54,4.6,140,35.06,306.33,16.14,37.66,72.72,25.0,5.0,102.72,203.61,25.68,66.47
ORD10337,SKU164,Personal Care,C,8,22.6,9.21,6.66,160,197.28,2077.07,15.870000000000001,42.32,239.6,25.0,5.0,269.6,1807.47,33.7,87.02
ORD10338,SKU107,Home & Kitchen,E,11,9.41,10.63,2.78,140,180.68,973.96,13.41,31.29,211.97,25.0,5.0,241.97,731.99,22.0,75.16
ORD10339,SKU115,Apparel,B,12,4.88,2.02,2.72,180,239.94,386.41,4.74,14.22,254.16,25.0,5.0,284.16,102.25,23.68,26.46
ORD10340,SKU113,Electronics,A,1,12.91,9.18,3.82,160,209.07,2481.11,13.0,34.67,243.74,25.0,5.0,273.74,2207.37,273.74,88.97
ORD10341,SKU175,Apparel,D,9,4.62,10.3,7.26,140,249.85,4732.39,17.560000000000002,40.97,290.82,25.0,5.0,320.82,4411.57,35.65,93.22
ORD10342,SKU114,Personal Care,D,6,13.18,2.41,1.0,120,240.59,1821.95,3.41,6.82,247.41,25.0,5.0,277.41,1544.54,46.24,84.77
ORD10343,SKU165,Electronics,C,4,23.17,10.72,7.31,120,67.44,3407.36,18.03,36.06,103.5,25.0,5.0,133.5,3273.86,33.38,96.08
ORD10344,SKU131,Home & Kitchen,D,12,13.98,4.57,2.08,180,285.91,3365.51,6.65,19.95,305.86,25.0,5.0,335.86,3029.65,27.99,90.02
ORD10345,SKU162,Electronics,E,9,16.18,8.65,7.93,140,69.43,1480.08,16.58,38.69,108.12,25.0,5.0,138.12,1341.96,15.35,90.67
ORD10346,SKU150,FMCG,E,11,5.6,10.0,7.68,180,253.53,3357.0,17.68,53.04,306.57,25.0,5.0,336.57,3020.43,30.6,89.97
ORD10347,SKU124,Electronics,C,5,3.01,8.63,4.46,160,163.17,1297.97,13.09,34.91,198.08,25.0,5.0,228.08,1069.89,45.62,82.43
ORD10348,SKU157,FMCG,E,5,4.55,2.92,4.59,120,194.43,873.43,7.51,15.02,209.45,25.0,5.0,239.45,633.98,47.89,72.59
ORD10349,SKU162,Electronics,B,12,15.77,7.96,4.37,160,319.06,3596.5,12.33,32.88,351.94,25.0,5.0,381.94,3214.56,31.83,89.38
ORD10350,SKU161,FMCG,C,5,4.19,7.5,5.45,140,314.76,833.17,12.95,30.22,344.98,25.0,5.0,374.98,458.19,75.0,54.99
ORD10351,SKU121,Personal Care,B,1,10.65,11.0,1.64,180,291.71,4985.47,12.64,37.92,329.63,25.0,5.0,359.63,4625.84,359.63,92.79
ORD10352,SKU157,Apparel,A,1,14.65,6.04,1.23,180,193.25,1162.23,7.27,21.81,215.06,25.0,5.0,245.06,917.17,245.06,78.91
ORD10353,SKU157,Home & Kitchen,B,8,10.94,5.21,1.4,180,265.6,3092.47,6.609999999999999,19.83,285.43,25.0,5.0,315.43,2777.04,39.43,89.8
ORD10354,SKU148,Electronics,A,12,5.76,9.5,4.11,160,194.13,2233.46,13.61,36.29,230.42,25.0,5.0,260.42,1973.04,21.7,88.34
ORD10355,SKU151,Apparel,A,8,8.3,6.13,2.93,120,308.27,894.02,9.06,18.12,326.39,25.0,5.0,356.39,537.63,44.55,60.14
ORD10356,SKU141,Home & Kitchen,B,12,23.35,8.46,5.35,160,158.89,430.87,13.81,36.83,195.72,25.0,5.0,225.72,205.15,18.81,47.61
ORD10357,SKU169,Home & Kitchen,C,6,17.55,8.46,7.95,160,340.48,3226.84,16.41,43.76,384.24,25.0,5.0,414.24,2812.6,69.04,87.16
ORD10358,SKU114,FMCG,E,12,13.41,10.88,3.7,140,328.34,4091.76,14.580000000000002,34.02,362.36,25.0,5.0,392.36,3699.4,32.7,90.41
ORD10359,SKU153,Personal Care,E,11,2.29,7.99,5.02,140,267.31,4257.47,13.01,30.36,297.67,25.0,5.0,327.67,3929.8,29.79,92.3
ORD10360,SKU159,Personal Care,A,13,24.83,7.02,3.91,140,119.41,2568.75,10.93,25.5,144.91,25.0,5.0,174.91,2393.84,13.45,93.19
ORD10361,SKU107,Apparel,A,4,17.44,3.39,6.93,120,72.13,3954.04,10.32,20.64,92.77,25.0,5.0,122.77,3831.27,30.69,96.9
ORD10362,SKU152,Personal Care,C,2,9.29,3.16,7.32,120,303.51,3462.38,10.48,20.96,324.47,25.0,5.0,354.47,3107.91,177.24,89.76
ORD10363,SKU159,Electronics,D,14,22.22,3.54,7.14,140,82.9,3704.0,10.68,24.92,107.82,25.0,5.0,137.82,3566.18,9.84,96.28
ORD10364,SKU104,Personal Care,B,2,7.94,3.72,7.82,140,303.36,2615.22,11.540000000000001,26.93,330.29,25.0,5.0,360.29,2254.93,180.14,86.22
ORD10365,SKU167,Apparel,A,9,14.51,8.38,1.19,120,187.04,3277.04,9.57,19.14,206.18,25.0,5.0,236.18,3040.86,26.24,92.79
ORD10366,SKU105,Personal Care,E,5,16.63,9.41,6.88,180,160.1,4085.97,16.29,48.87,208.97,25.0,5.0,238.97,3847.0,47.79,94.15
ORD10367,SKU146,Electronics,C,4,7.08,7.3,6.26,120,319.02,2170.06,13.559999999999999,27.12,346.14,25.0,5.0,376.14,1793.92,94.04,82.67
ORD10368,SKU154,FMCG,B,10,24.5,10.29,2.6,120,223.23,4088.1,12.889999999999999,25.78,249.01,25.0,5.0,279.01,3809.09,27.9,93.18
ORD10369,SKU139,Apparel,C,13,19.21,11.91,7.69,120,214.52,3082.48,19.6,39.2,253.72,25.0,5.0,283.72,2798.76,21.82,90.8
ORD10370,SKU151,FMCG,B,1,14.83,10.2,2.04,140,208.81,1079.73,12.239999999999998,28.56,237.37,25.0,5.0,267.37,812.36,267.37,75.24
ORD10371,SKU115,FMCG,B,7,6.15,8.95,5.76,180,148.77,416.02,14.709999999999999,44.13,192.9,25.0,5.0,222.9,193.12,31.84,46.42
ORD10372,SKU112,FMCG,A,3,3.24,7.32,2.57,120,281.41,2004.94,9.89,19.78,301.19,25.0,5.0,331.19,1673.75,110.4,83.48
ORD10373,SKU129,Home & Kitchen,C,6,9.36,6.49,4.02,140,110.9,2869.47,10.51,24.52,135.42,25.0,5.0,165.42,2704.05,27.57,94.24
ORD10374,SKU118,Home & Kitchen,C,5,19.32,2.84,6.03,160,330.45,4247.16,8.870000000000001,23.65,354.1,25.0,5.0,384.1,3863.06,76.82,90.96
ORD10375,SKU116,FMCG,E,5,8.19,5.99,4.94,160,316.08,899.18,10.93,29.15,345.23,25.0,5.0,375.23,523.95,75.05,58.27
ORD10376,SKU162,Apparel,E,11,14.41,11.1,3.99,120,137.99,4060.97,15.09,30.18,168.17,25.0,5.0,198.17,3862.8,18.02,95.12
ORD10377,SKU118,Electronics,A,5,18.74,10.08,3.28,160,263.43,4356.14,13.36,35.63,299.06,25.0,5.0,329.06,4027.08,65.81,92.45
ORD10378,SKU157,Electronics,A,1,4.48,4.16,6.88,180,213.43,1008.23,11.04,33.12,246.55,25.0,5.0,276.55,731.68,276.55,72.57
ORD10379,SKU154,Personal Care,D,1,17.76,6.67,2.01,160,138.05,4302.49,8.68,23.15,161.2,25.0,5.0,191.2,4111.29,191.2,95.56
ORD10380,SKU161,Apparel,E,3,4.11,10.17,4.01,160,346.33,4959.83,14.18,37.81,384.14,25.0,5.0,414.14,4545.69,138.05,91.65
ORD10381,SKU122,Home & Kitchen,B,14,24.2,2.67,7.33,180,38.08,3716.14,10.0,30.0,68.08,25.0,5.0,98.08,3618.06,7.01,97.36
ORD10382,SKU108,FMCG,C,12,13.23,5.87,6.92,120,110.85,3988.42,12.79,25.58,136.43,25.0,5.0,166.43,3821.99,13.87,95.83
ORD10383,SKU111,Personal Care,A,10,5.47,10.52,3.81,120,196.42,4973.75,14.33,28.66,225.08,25.0,5.0,255.08,4718.67,25.51,94.87
ORD10384,SKU100,Electronics,C,4,9.87,6.04,6.34,180,197.02,3145.76,12.379999999999999,37.14,234.16,25.0,5.0,264.16,2881.6,66.04,91.6
ORD10385,SKU157,Home & Kitchen,C,5,11.51,2.78,6.76,180,218.46,1747.07,9.54,28.62,247.08,25.0,5.0,277.08,1469.99,55.42,84.14
ORD10386,SKU100,Home & Kitchen,D,2,19.44,7.43,7.22,180,270.54,4236.39,14.649999999999999,43.95,314.49,25.0,5.0,344.49,3891.9,172.24,91.87
ORD10387,SKU133,FMCG,E,8,19.1,10.62,4.81,160,229.51,3188.08,15.43,41.15,270.66,25.0,5.0,300.66,2887.42,37.58,90.57
ORD10388,SKU147,Electronics,A,11,16.07,7.9,2.43,180,222.09,3031.62,10.33,30.99,253.08,25.0,5.0,283.08,2748.54,25.73,90.66
ORD10389,SKU100,Apparel,C,11,4.44,4.26,2.79,140,47.12,1492.09,7.05,16.45,63.57,25.0,5.0,93.57,1398.52,8.51,93.73
ORD10390,SKU115,Home & Kitchen,A,14,5.49,5.84,3.07,160,150.49,3854.77,8.91,23.76,174.25,25.0,5.0,204.25,3650.52,14.59,94.7
ORD10391,SKU160,FMCG,B,2,4.16,6.5,5.16,120,104.26,683.84,11.66,23.32,127.58,25.0,5.0,157.58,526.26,78.79,76.96
ORD10392,SKU163,Apparel,D,9,15.27,7.79,1.23,120,114.92,4644.15,9.02,18.04,132.96,25.0,5.0,162.96,4481.19,18.11,96.49
ORD10393,SKU162,Electronics,B,2,22.17,9.59,5.45,120,207.39,1831.37,15.04,30.08,237.47,25.0,5.0,267.47,1563.9,133.74,85.4
ORD10394,SKU168,Home & Kitchen,A,13,11.98,2.99,3.55,160,93.84,900.54,6.54,17.44,111.28,25.0,5.0,141.28,759.26,10.87,84.31
ORD10395,SKU121,Apparel,A,9,5.7,10.9,3.07,140,124.06,2379.12,13.97,32.6,156.66,25.0,5.0,186.66,2192.46,20.74,92.15
ORD10396,SKU166,Apparel,E,7,14.83,2.12,7.16,180,105.87,499.61,9.280000000000001,27.84,133.71,25.0,5.0,163.71,335.9,23.39,67.23
ORD10397,SKU175,Apparel,C,8,20.67,5.7,4.22,180,333.52,3517.74,9.92,29.76,363.28,25.0,5.0,393.28,3124.46,49.16,88.82
ORD10398,SKU125,Home & Kitchen,C,11,19.06,2.27,1.67,120,332.29,4542.72,3.94,7.88,340.17,25.0,5.0,370.17,4172.55,33.65,91.85
ORD10399,SKU115,Home & Kitchen,B,2,22.27,5.93,6.79,120,225.18,4235.14,12.719999999999999,25.44,250.62,25.0,5.0,280.62,3954.52,140.31,93.37
ORD10400,SKU150,Personal Care,D,7,8.39,7.26,1.33,160,325.85,898.64,8.59,22.91,348.76,25.0,5.0,378.76,519.88,54.11,57.85
ORD10401,SKU156,Electronics,C,12,6.46,7.12,6.09,140,281.46,893.47,13.21,30.82,312.28,25.0,5.0,342.28,551.19,28.52,61.69
ORD10402,SKU128,FMCG,E,6,22.24,3.66,6.42,180,218.78,4123.14,10.08,30.24,249.02,25.0,5.0,279.02,3844.12,46.5,93.23
ORD10403,SKU177,Apparel,B,4,17.12,8.46,3.47,160,32.06,4644.0,11.930000000000001,31.81,63.87,25.0,5.0,93.87,4550.13,23.47,97.98
ORD10404,SKU168,Personal Care,B,7,9.15,2.45,6.77,180,277.21,2465.15,9.219999999999999,27.66,304.87,25.0,5.0,334.87,2130.28,47.84,86.42
ORD10405,SKU146,FMCG,E,14,19.07,9.62,4.61,120,254.8,2645.16,14.23,28.46,283.26,25.0,5.0,313.26,2331.9,22.38,88.16
ORD10406,SKU161,Personal Care,D,13,20.75,11.47,4.24,180,226.88,1795.83,15.71,47.13,274.01,25.0,5.0,304.01,1491.82,23.39,83.07
ORD10407,SKU168,Home & Kitchen,E,4,16.14,5.4,1.32,140,273.34,4503.05,6.720000000000001,15.68,289.02,25.0,5.0,319.02,4184.03,79.76,92.92
ORD10408,SKU175,Apparel,D,2,17.82,7.17,3.03,140,194.14,3331.04,10.2,23.8,217.94,25.0,5.0,247.94,3083.1,123.97,92.56
ORD10409,SKU115,FMCG,E,10,10.63,5.79,7.52,120,255.31,1654.78,13.309999999999999,26.62,281.93,25.0,5.0,311.93,1342.85,31.19,81.15
ORD10410,SKU147,FMCG,E,12,14.39,2.07,3.74,140,329.26,1704.28,5.8100000000000005,13.56,342.82,25.0,5.0,372.82,1331.46,31.07,78.12
ORD10411,SKU138,FMCG,A,7,14.06,5.86,4.83,140,150.26,4488.64,10.690000000000001,24.94,175.2,25.0,5.0,205.2,4283.44,29.31,95.43
ORD10412,SKU132,FMCG,B,8,21.51,9.92,4.72,160,256.6,364.08,14.64,39.04,295.64,25.0,5.0,325.64,38.44,40.7,10.56
ORD10413,SKU122,FMCG,E,2,21.32,7.96,5.13,180,182.22,1816.81,13.09,39.27,221.49,25.0,5.0,251.49,1565.32,125.74,86.16
ORD10414,SKU109,Personal Care,E,5,21.15,3.01,1.43,120,245.81,2905.48,4.4399999999999995,8.88,254.69,25.0,5.0,284.69,2620.79,56.94,90.2
ORD10415,SKU168,Apparel,C,1,2.25,10.47,3.54,120,274.13,996.62,14.010000000000002,28.02,302.15,25.0,5.0,332.15,664.47,332.15,66.67
ORD10416,SKU133,Home & Kitchen,B,7,19.24,7.31,6.06,120,44.54,732.86,13.37,26.74,71.28,25.0,5.0,101.28,631.58,14.47,86.18
ORD10417,SKU151,Home & Kitchen,C,8,19.45,10.42,2.4,120,236.91,4131.8,12.82,25.64,262.55,25.0,5.0,292.55,3839.25,36.57,92.92
ORD10418,SKU109,Home & Kitchen,B,13,17.6,7.8,2.43,120,102.56,4503.7,10.23,20.46,123.02,25.0,5.0,153.02,4350.68,11.77,96.6
ORD10419,SKU118,Home & Kitchen,C,6,19.39,7.6,1.07,140,244.41,4170.95,8.67,20.23,264.64,25.0,5.0,294.64,3876.31,49.11,92.94
ORD10420,SKU157,Personal Care,E,5,21.37,3.05,4.06,160,179.87,4524.3,7.109999999999999,18.96,198.83,25.0,5.0,228.83,4295.47,45.77,94.94
ORD10421,SKU100,Electronics,E,6,12.82,3.67,7.18,120,277.54,2899.63,10.85,21.7,299.24,25.0,5.0,329.24,2570.39,54.87,88.65
ORD10422,SKU168,Apparel,A,2,13.55,11.72,1.36,160,69.49,4117.61,13.08,34.88,104.37,25.0,5.0,134.37,3983.24,67.18,96.74
ORD10423,SKU103,FMCG,C,1,4.87,4.28,2.34,160,230.42,2105.0,6.62,17.65,248.07,25.0,5.0,278.07,1826.93,278.07,86.79
ORD10424,SKU115,Electronics,D,7,10.86,11.77,3.17,140,119.11,3431.46,14.94,34.86,153.97,25.0,5.0,183.97,3247.49,26.28,94.64
ORD10425,SKU123,Home & Kitchen,A,7,16.8,7.32,6.12,120,302.95,4947.53,13.440000000000001,26.88,329.83,25.0,5.0,359.83,4587.7,51.4,92.73
ORD10426,SKU179,Electronics,C,10,19.95,3.36,5.48,140,327.08,1360.92,8.84,20.63,347.71,25.0,5.0,377.71,983.21,37.77,72.25
ORD10427,SKU101,Apparel,C,11,7.0,2.99,3.91,120,348.85,2132.53,6.9,13.8,362.65,25.0,5.0,392.65,1739.88,35.7,81.59
ORD10428,SKU131,FMCG,A,10,5.17,4.09,6.31,140,284.72,2556.22,10.399999999999999,24.27,308.99,25.0,5.0,338.99,2217.23,33.9,86.74
ORD10429,SKU123,FMCG,E,14,17.25,11.26,5.27,160,271.19,948.67,16.53,44.08,315.27,25.0,5.0,345.27,603.4,24.66,63.6
ORD10430,SKU111,Apparel,C,2,2.04,6.14,7.27,120,98.96,680.88,13.41,26.82,125.78,25.0,5.0,155.78,525.1,77.89,77.12
ORD10431,SKU149,Apparel,E,2,6.1,5.95,6.73,180,137.52,4199.7,12.68,38.04,175.56,25.0,5.0,205.56,3994.14,102.78,95.11
ORD10432,SKU134,Home & Kitchen,A,1,2.67,5.13,2.77,160,179.02,4890.93,7.9,21.07,200.09,25.0,5.0,230.09,4660.84,230.09,95.3
ORD10433,SKU132,FMCG,E,10,5.84,3.47,2.9,180,277.48,2202.21,6.37,19.11,296.59,25.0,5.0,326.59,1875.62,32.66,85.17
ORD10434,SKU132,Electronics,B,8,6.17,6.88,1.88,160,322.79,711.95,8.76,23.36,346.15,25.0,5.0,376.15,335.8,47.02,47.17
ORD10435,SKU160,Personal Care,D,8,10.92,3.3,3.36,140,90.52,609.32,6.66,15.54,106.06,25.0,5.0,136.06,473.26,17.01,77.67
ORD10436,SKU150,Personal Care,C,1,11.25,10.35,8.0,120,325.16,4489.2,18.35,36.7,361.86,25.0,5.0,391.86,4097.34,391.86,91.27
ORD10437,SKU142,Apparel,D,12,22.11,5.7,3.84,160,252.6,2479.93,9.54,25.44,278.04,25.0,5.0,308.04,2171.89,25.67,87.58
ORD10438,SKU111,Home & Kitchen,E,11,13.73,5.75,2.54,140,225.45,1804.13,8.29,19.34,244.79,25.0,5.0,274.79,1529.34,24.98,84.77
ORD10439,SKU166,Personal Care,C,8,18.64,6.74,6.34,120,93.95,2539.37,13.08,26.16,120.11,25.0,5.0,150.11,2389.26,18.76,94.09
ORD10440,SKU164,FMCG,E,9,4.4,6.44,4.8,120,47.77,1796.03,11.24,22.48,70.25,25.0,5.0,100.25,1695.78,11.14,94.42
ORD10441,SKU132,Apparel,B,14,7.19,11.95,2.05,160,211.91,2598.47,14.0,37.33,249.24,25.0,5.0,279.24,2319.23,19.95,89.25
ORD10442,SKU139,Electronics,A,4,18.17,7.45,3.66,120,238.49,4339.92,11.11,22.22,260.71,25.0,5.0,290.71,4049.21,72.68,93.3
ORD10443,SKU173,Apparel,C,1,3.21,2.88,3.9,160,97.45,3083.82,6.779999999999999,18.08,115.53,25.0,5.0,145.53,2938.29,145.53,95.28
ORD10444,SKU142,Electronics,B,1,13.19,8.07,6.28,120,208.07,3564.87,14.350000000000001,28.7,236.77,25.0,5.0,266.77,3298.1,266.77,92.52
ORD10445,SKU143,Apparel,B,3,15.79,3.52,1.14,180,304.08,2013.95,4.66,13.98,318.06,25.0,5.0,348.06,1665.89,116.02,82.72
ORD10446,SKU128,Apparel,C,14,15.85,2.31,2.88,140,297.22,3770.98,5.1899999999999995,12.11,309.33,25.0,5.0,339.33,3431.65,24.24,91.0
ORD10447,SKU112,Apparel,E,5,2.53,11.71,4.62,180,326.75,3433.1,16.330000000000002,48.99,375.74,25.0,5.0,405.74,3027.36,81.15,88.18
ORD10448,SKU111,Electronics,B,5,9.41,9.74,2.88,160,147.08,861.94,12.620000000000001,33.65,180.73,25.0,5.0,210.73,651.21,42.15,75.55
ORD10449,SKU145,Electronics,D,9,16.64,11.8,5.4,180,131.78,2991.42,17.200000000000003,51.6,183.38,25.0,5.0,213.38,2778.04,23.71,92.87
ORD10450,SKU101,Apparel,B,10,5.43,6.78,4.37,160,269.82,1506.69,11.15,29.73,299.55,25.0,5.0,329.55,1177.14,32.96,78.13
ORD10451,SKU134,Personal Care,E,14,17.99,7.32,3.53,120,167.96,4079.25,10.85,21.7,189.66,25.0,5.0,219.66,3859.59,15.69,94.62
ORD10452,SKU107,Home & Kitchen,E,12,19.16,3.68,7.64,120,58.02,2301.91,11.32,22.64,80.66,25.0,5.0,110.66,2191.25,9.22,95.19
ORD10453,SKU125,Home & Kitchen,D,2,24.59,4.47,5.43,160,120.5,4975.02,9.899999999999999,26.4,146.9,25.0,5.0,176.9,4798.12,88.45,96.44
ORD10454,SKU173,Home & Kitchen,B,2,6.83,10.39,1.91,180,163.95,734.75,12.3,36.9,200.85,25.0,5.0,230.85,503.9,115.42,68.58
ORD10455,SKU133,Electronics,E,6,20.98,5.56,4.92,120,123.61,3967.63,10.48,20.96,144.57,25.0,5.0,174.57,3793.06,29.1,95.6
ORD10456,SKU106,Electronics,C,9,13.97,10.27,6.47,140,136.31,3466.4,16.74,39.06,175.37,25.0,5.0,205.37,3261.03,22.82,94.08
ORD10457,SKU167,Personal Care,A,1,10.59,9.09,5.96,120,124.01,3907.24,15.05,30.1,154.11,25.0,5.0,184.11,3723.13,184.11,95.29
ORD10458,SKU157,Home & Kitchen,A,9,4.81,3.77,2.2,140,43.28,1745.39,5.970000000000001,13.93,57.21,25.0,5.0,87.21,1658.18,9.69,95.0
ORD10459,SKU174,Home & Kitchen,A,9,18.92,7.07,7.81,180,233.87,2612.66,14.879999999999999,44.64,278.51,25.0,5.0,308.51,2304.15,34.28,88.19
ORD10460,SKU128,Apparel,B,13,7.42,8.77,4.14,140,221.13,4043.59,12.91,30.12,251.25,25.0,5.0,281.25,3762.34,21.63,93.04
ORD10461,SKU135,Electronics,D,9,10.54,4.35,2.11,140,239.08,1392.94,6.459999999999999,15.07,254.15,25.0,5.0,284.15,1108.79,31.57,79.6
ORD10462,SKU120,Home & Kitchen,E,5,3.44,10.31,2.26,140,91.54,1362.36,12.57,29.33,120.87,25.0,5.0,150.87,1211.49,30.17,88.93
ORD10463,SKU135,Personal Care,C,13,20.43,7.45,1.69,140,124.61,2889.94,9.14,21.33,145.94,25.0,5.0,175.94,2714.0,13.53,93.91
ORD10464,SKU109,Personal Care,C,9,19.63,3.65,6.62,120,228.28,2760.75,10.27,20.54,248.82,25.0,5.0,278.82,2481.93,30.98,89.9
ORD10465,SKU172,Home & Kitchen,B,11,18.87,7.83,1.85,140,221.88,1626.63,9.68,22.59,244.47,25.0,5.0,274.47,1352.16,24.95,83.13
ORD10466,SKU123,Electronics,A,4,8.89,12.0,1.88,120,192.03,1700.96,13.879999999999999,27.76,219.79,25.0,5.0,249.79,1451.17,62.45,85.31
ORD10467,SKU163,Personal Care,B,2,5.99,3.51,6.95,140,142.13,1605.87,10.46,24.41,166.54,25.0,5.0,196.54,1409.33,98.27,87.76
ORD10468,SKU148,Apparel,D,13,16.66,10.17,3.41,160,322.14,3926.11,13.58,36.21,358.35,25.0,5.0,388.35,3537.76,29.87,90.11
ORD10469,SKU135,Personal Care,D,6,13.41,4.07,1.22,180,138.73,3363.93,5.29,15.87,154.6,25.0,5.0,184.6,3179.33,30.77,94.51
ORD10470,SKU123,FMCG,E,14,6.1,9.82,1.36,140,175.8,4212.36,11.18,26.09,201.89,25.0,5.0,231.89,3980.47,16.56,94.5
ORD10471,SKU122,FMCG,E,4,17.78,9.35,2.0,160,247.0,4884.72,11.35,30.27,277.27,25.0,5.0,307.27,4577.45,76.82,93.71
ORD10472,SKU161,Electronics,D,6,24.8,5.0,2.49,140,203.77,2528.57,7.49,17.48,221.25,25.0,5.0,251.25,2277.32,41.88,90.06
ORD10473,SKU136,Home & Kitchen,D,3,19.19,5.26,5.66,140,141.0,613.46,10.92,25.48,166.48,25.0,5.0,196.48,416.98,65.49,67.97
ORD10474,SKU111,Electronics,D,6,19.02,9.93,2.1,140,169.41,526.03,12.03,28.07,197.48,25.0,5.0,227.48,298.55,37.91,56.76
ORD10475,SKU154,Electronics,B,2,23.86,6.61,1.83,160,284.23,1689.63,8.440000000000001,22.51,306.74,25.0,5.0,336.74,1352.89,168.37,80.07
ORD10476,SKU112,Electronics,D,2,6.67,9.31,6.35,180,119.0,4682.96,15.66,46.98,165.98,25.0,5.0,195.98,4486.98,97.99,95.82
ORD10477,SKU122,Electronics,C,13,15.01,3.48,5.7,160,75.52,2759.1,9.18,24.48,100.0,25.0,5.0,130.0,2629.1,10.0,95.29
ORD10478,SKU129,Apparel,A,9,24.53,10.53,4.05,180,130.21,1577.4,14.579999999999998,43.74,173.95,25.0,5.0,203.95,1373.45,22.66,87.07
ORD10479,SKU116,Apparel,D,7,5.8,9.11,4.85,140,301.85,2176.08,13.959999999999999,32.57,334.42,25.0,5.0,364.42,1811.66,52.06,83.25
ORD10480,SKU161,Personal Care,A,3,18.11,11.07,3.18,120,58.48,3113.4,14.25,28.5,86.98,25.0,5.0,116.98,2996.42,38.99,96.24
ORD10481,SKU112,FMCG,B,13,15.47,3.32,4.38,140,347.34,3368.86,7.699999999999999,17.97,365.31,25.0,5.0,395.31,2973.55,30.41,88.27
ORD10482,SKU158,Electronics,A,11,15.49,7.93,4.55,180,203.12,1023.42,12.48,37.44,240.56,25.0,5.0,270.56,752.86,24.6,73.56
ORD10483,SKU118,Personal Care,B,1,18.05,7.99,3.71,160,345.15,4892.05,11.7,31.2,376.35,25.0,5.0,406.35,4485.7,406.35,91.69
ORD10484,SKU148,FMCG,C,8,23.38,5.53,7.35,140,330.48,2860.43,12.879999999999999,30.05,360.53,25.0,5.0,390.53,2469.9,48.82,86.35
ORD10485,SKU111,Home & Kitchen,B,14,20.0,6.58,1.11,160,174.9,937.74,7.69,20.51,195.41,25.0,5.0,225.41,712.33,16.1,75.96
ORD10486,SKU160,Apparel,B,6,3.29,2.38,6.48,160,93.52,4500.09,8.86,23.63,117.15,25.0,5.0,147.15,4352.94,24.52,96.73
ORD10487,SKU118,FMCG,E,7,21.61,9.46,1.87,160,82.76,650.8,11.330000000000002,30.21,112.97,25.0,5.0,142.97,507.83,20.42,78.03
ORD10488,SKU175,Home & Kitchen,D,9,7.19,7.49,6.58,140,106.8,4566.36,14.07,32.83,139.63,25.0,5.0,169.63,4396.73,18.85,96.29
ORD10489,SKU108,FMCG,D,5,10.67,2.58,5.31,160,257.24,4983.86,7.89,21.04,278.28,25.0,5.0,308.28,4675.58,61.66,93.81
ORD10490,SKU170,Apparel,C,1,12.62,8.81,6.9,160,117.34,3592.03,15.71,41.89,159.23,25.0,5.0,189.23,3402.8,189.23,94.73
ORD10491,SKU127,Apparel,C,12,13.06,6.67,1.68,140,139.26,3921.1,8.35,19.48,158.74,25.0,5.0,188.74,3732.36,15.73,95.19
ORD10492,SKU177,Personal Care,D,10,12.01,2.34,4.91,160,173.61,1885.32,7.25,19.33,192.94,25.0,5.0,222.94,1662.38,22.29,88.17
ORD10493,SKU151,Electronics,E,7,23.56,11.7,4.51,140,322.23,4725.41,16.21,37.82,360.05,25.0,5.0,390.05,4335.36,55.72,91.75
ORD10494,SKU115,FMCG,D,5,18.24,11.49,5.94,180,90.61,2789.66,17.43,52.29,142.9,25.0,5.0,172.9,2616.76,34.58,93.8
ORD10495,SKU168,FMCG,E,3,16.52,7.13,4.74,180,31.61,3742.23,11.870000000000001,35.61,67.22,25.0,5.0,97.22,3645.01,32.41,97.4
ORD10496,SKU111,Home & Kitchen,C,12,3.15,2.94,4.79,180,49.23,4643.31,7.73,23.19,72.42,25.0,5.0,102.42,4540.89,8.54,97.79
ORD10497,SKU124,Apparel,A,13,22.79,9.55,4.01,160,319.53,4883.35,13.56,36.16,355.69,25.0,5.0,385.69,4497.66,29.67,92.1
ORD10498,SKU151,FMCG,C,9,22.92,6.92,3.16,120,237.21,4216.06,10.08,20.16,257.37,25.0,5.0,287.37,3928.69,31.93,93.18
ORD10499,SKU152,Apparel,C,1,19.94,5.02,4.38,120,117.37,1724.18,9.399999999999999,18.8,136.17,25.0,5.0,166.17,1558.01,166.17,90.36
ORD10500,SKU122,FMCG,B,1,2.16,6.91,1.83,160,86.7,4842.77,8.74,23.31,110.01,25.0,5.0,140.01,4702.76,140.01,97.11
